battery_type,initial_voltage,slope_initial,area_curve,time_to_1_4v,max_voltage
Alkaline (MnO2),0.842708916259513,-0.00189110777114824,1.27383834605426,4621,1.63624074561769
Alkaline (MnO2),0.886762947903204,0.00399716862637745,1.28950055944998,4495,1.63623978081344
Alkaline (MnO2),0.909120071485067,0.00319901754822352,1.24697382991937,4637,1.63232334448672
Alkaline (MnO2),0.902875885487224,0.00288785402148947,1.26429434160592,4630,1.66464704583099
Alkaline (MnO2),0.812346949854247,0.003227853648208,1.26723650177884,4647,1.65404460046972
Alkaline (MnO2),0.887528595636317,0.00260329037894505,1.25019285089081,4602,1.65832290311184
Alkaline (MnO2),0.903735187630651,0.00049386524192437,1.25208524130214,4537,1.63082337977183
Alkaline (MnO2),0.897236199875901,0.00478836728541874,1.28824216915716,4582,1.66879639408647
Alkaline (MnO2),0.820119735388709,-0.00435885020926233,1.24432214398975,4685,1.66329770563201
Alkaline (MnO2),0.903147844804393,0.00293675800342361,1.26577943193698,4597,1.63849356442713
Alkaline (MnO2),0.854773379912423,-0.00450260214214414,1.25059300033992,4492,1.63727299868828
Alkaline (MnO2),0.857264790959134,-0.00233984539581654,1.26237966074543,4630,1.63733618039413
Alkaline (MnO2),0.831405413733741,0.00341632933123956,1.27802510773971,4562,1.64216968971838
Alkaline (MnO2),0.856841001482753,0.00307088882085116,1.28868239232772,4520,1.65099025726528
Alkaline (MnO2),0.878597106687678,0.00239274674712816,1.26195926681039,4599,1.64727780074568
Alkaline (MnO2),0.857149419087193,-0.00397869189544114,1.28365465328542,4517,1.64164916560792
Alkaline (MnO2),0.81291545906667,-0.00229792628929826,1.24843588892241,4660,1.65447411578889
Alkaline (MnO2),0.86192485426059,-0.00297709695010172,1.25865326103518,4543,1.63557975442608
Alkaline (MnO2),0.89558608526155,0.00353634088166027,1.27242127614632,4585,1.6416857859414
Alkaline (MnO2),0.892945465779587,-0.0047852741238866,1.25305945020354,4683,1.64465447373174
Alkaline (MnO2),0.903133040106279,-0.00114804853206713,1.28872671679571,4676,1.64824279936868
Alkaline (MnO2),0.889279422856065,-0.000356216600193059,1.26890362704541,4521,1.66140703845572
Alkaline (MnO2),0.861371299232462,0.00209934403522032,1.24761745498898,4581,1.63798695128633
Alkaline (MnO2),0.896380398848024,-0.00453910674318758,1.2543975136434,4591,1.65056937753654
Alkaline (MnO2),0.892960684481116,-0.000261788409537624,1.27103741624642,4680,1.65369658275448
Alkaline (MnO2),0.871032310494252,-0.00319327108763395,1.26297805372846,4599,1.6318580165088
Alkaline (MnO2),0.904238882940599,-0.00156821151672939,1.24759163970716,4591,1.65430179407605
Alkaline (MnO2),0.887044050173527,0.000291901153021272,1.25973796978306,4631,1.63682096494749
Alkaline (MnO2),0.816881858918904,0.00375557436901614,1.27078982678886,4609,1.63260206371941
Alkaline (MnO2),0.901275273314913,0.00197823667077722,1.24496405147443,4521,1.66795542149013
Alkaline (MnO2),0.834638719918735,0.00266186197397475,1.2907351204731,4668,1.66862528132298
Alkaline (MnO2),0.890978459801785,0.00182188106506496,1.24575238346472,4510,1.66233589392465
Alkaline (MnO2),0.854500289260142,-0.00123265048541058,1.24982903591888,4554,1.64218455076693
Alkaline (MnO2),0.846811853810508,0.00349951377950043,1.2639982030774,4619,1.63390688456025
Alkaline (MnO2),0.894321687438722,-0.000730964272584541,1.28768079307014,4509,1.65736932106048
Alkaline (MnO2),0.906573267636007,0.0043527032808352,1.29200430782622,4683,1.64760609974958
Alkaline (MnO2),0.87878095301123,0.00472582897159215,1.27172218911235,4675,1.63488152939379
Alkaline (MnO2),0.904784335302354,0.00194547901907271,1.28725568140472,4497,1.64980707640445
Alkaline (MnO2),0.908225023766119,0.00219738247527545,1.26958063152062,4544,1.6313755408446
Alkaline (MnO2),0.842578057226947,-0.00264343962818172,1.27940117540062,4509,1.66637281608315
Alkaline (MnO2),0.854704206551331,0.00277964677727557,1.26078371686912,4635,1.640351199264
Alkaline (MnO2),0.821718290315151,0.00250552445439639,1.27584739771237,4505,1.65650089137415
Alkaline (MnO2),0.810533215697253,0.00216177148956816,1.25904066587415,4641,1.64246844304357
Alkaline (MnO2),0.875253810488628,-0.00173147105349288,1.27695914235425,4583,1.65080272084711
Alkaline (MnO2),0.862680033123254,-0.00384441831789951,1.26996136688691,4518,1.65186841117373
Alkaline (MnO2),0.891428191778133,0.00260572947371268,1.24708531232425,4588,1.63739417822102
Alkaline (MnO2),0.890472251102322,-0.00351402136234627,1.27928430532585,4568,1.66878338511058
Alkaline (MnO2),0.83073089678907,-0.00361922621631201,1.2501251697222,4615,1.66100531293444
Alkaline (MnO2),0.858869854141584,0.00393199817442343,1.28620417421745,4520,1.66757995766256
Alkaline (MnO2),0.852082079842955,-0.00463130105313899,1.28412865179433,4502,1.6657930940171
Alkaline (MnO2),0.882523896645049,-0.00428003449041698,1.25314411726676,4544,1.65391599915244
Alkaline (MnO2),0.812388405438813,0.00223484310193455,1.24784943469473,4685,1.66687496940092
Alkaline (MnO2),0.82651702727932,0.00141912802096745,1.2436914022314,4518,1.63353970008207
Alkaline (MnO2),0.850718007037415,-0.00242180836774175,1.28575445630035,4643,1.63783931449676
Alkaline (MnO2),0.852293489333824,0.00499308365951886,1.25334375347794,4506,1.63180909155642
Alkaline (MnO2),0.85569940002084,0.0027869951930113,1.24376360313747,4516,1.64301321323053
Alkaline (MnO2),0.869297657597383,0.00426767888553829,1.25204890385942,4507,1.64554709158757
Alkaline (MnO2),0.860969982065935,0.000627719542269011,1.26589984117441,4607,1.64085396127095
Alkaline (MnO2),0.830880580032642,0.00376847492614691,1.28188113448898,4552,1.66314950036607
Alkaline (MnO2),0.827063187361775,-0.00092058487802804,1.28660249284925,4621,1.64427013306774
Alkaline (MnO2),0.888230918080197,-0.00283178592760845,1.27350741936789,4547,1.64123738038749
Alkaline (MnO2),0.85353967027476,0.000578489758107746,1.2648768367272,4556,1.65170784332633
Alkaline (MnO2),0.909813361226021,4.9346151672572e-05,1.2508939721026,4544,1.63563696899899
Alkaline (MnO2),0.905709187019084,0.00332846417815105,1.26664521341881,4688,1.66208787923016
Alkaline (MnO2),0.831632752178336,0.00246546813580082,1.24282921536774,4636,1.63298202574719
Alkaline (MnO2),0.871086501614063,0.00338641536650118,1.28083448139522,4542,1.66947547746402
Alkaline (MnO2),0.811272148181184,0.00289689650243676,1.27339821171635,4677,1.66088979077186
Alkaline (MnO2),0.813511959195627,0.0023677333787022,1.26051380741873,4622,1.63794862726136
Alkaline (MnO2),0.848434872954809,-0.00382642885804769,1.25679119861638,4620,1.63022088468494
Alkaline (MnO2),0.900876572136753,-0.00172901341100298,1.25982363226769,4527,1.66261845713819
Alkaline (MnO2),0.864732265710144,0.00316596082388938,1.27326649015357,4600,1.6582742937539
Alkaline (MnO2),0.864881186144871,-0.00234287519028522,1.2548643137497,4544,1.65916028672163
Alkaline (MnO2),0.860111501,0.000117676099999997,1.26710162813421,4590,1.66085081386743
Alkaline (MnO2),0.894418697266994,-0.00291456924071173,1.26040333071405,4517,1.63296178606936
Alkaline (MnO2),0.859121996556673,-0.00410490451963773,1.25554380461233,4548,1.64433862914177
Alkaline (MnO2),0.854002210607566,0.000102462076097025,1.24572076414017,4605,1.634634762381
Alkaline (MnO2),0.858722830858963,0.00257723139883276,1.24779052996289,4501,1.66452413703502
Alkaline (MnO2),0.823809090555742,-0.000167365436760033,1.26699532887922,4687,1.6549319250731
Alkaline (MnO2),0.838150427990936,-0.00426470986331846,1.27261053501609,4523,1.6432359209941
Alkaline (MnO2),0.881564632745249,0.00480198682388457,1.25987519015302,4509,1.63254233401144
Alkaline (MnO2),0.820757479925603,-0.000387737094223701,1.28782443809502,4637,1.64243929286862
Alkaline (MnO2),0.846559253390275,0.00115750171532134,1.28824494098537,4497,1.64300733288106
Alkaline (MnO2),0.888098604061032,0.00025784040468851,1.28981843940816,4563,1.65918424713352
Alkaline (MnO2),0.869567435053939,-0.00438545441374469,1.2810264354378,4662,1.6555022988542
Alkaline (MnO2),0.8573790084789,0.000106447534204236,1.25988815707864,4493,1.66548850970305
Alkaline (MnO2),0.855859584804224,-0.00085862000225607,1.24218807044858,4636,1.64888859700647
Alkaline (MnO2),0.818826861943745,-0.000530035511393333,1.24253758484537,4556,1.63478376983753
Alkaline (MnO2),0.833991115191172,0.00418862292927208,1.26402512162042,4533,1.65852979148891
Alkaline (MnO2),0.841620093871651,-0.00176103745499129,1.26166901716333,4685,1.66043140194467
Alkaline (MnO2),0.852575407976703,-0.000893171063948845,1.2469914518543,4664,1.65245108790277
Alkaline (MnO2),0.884341700663653,-0.000434326975569731,1.28496723977034,4620,1.66083868719818
Alkaline (MnO2),0.851009394835183,-0.00355429020543977,1.27159010042958,4636,1.64975182385457
Alkaline (MnO2),0.844375604336753,-0.000550959987767243,1.26762504626483,4494,1.65090931317527
Alkaline (MnO2),0.854004154506307,-0.00287470665854514,1.27374994473058,4666,1.64710164073434
Alkaline (MnO2),0.880350495500411,0.00446150443605637,1.27772618245061,4619,1.63101676506976
Alkaline (MnO2),0.822231613046679,0.00235652836577131,1.29173420799946,4673,1.63431565707973
Alkaline (MnO2),0.90100249514139,-0.00399266172043624,1.26510888815978,4574,1.63125716742746
Alkaline (MnO2),0.814439414404406,0.0020969656738925,1.25465472943204,4520,1.65545641645055
Alkaline (MnO2),0.888945604870858,-0.00103252623813091,1.25103784440697,4495,1.64257423924305
Alkaline (MnO2),0.883228008946074,-0.00345529480902196,1.25834008975495,4577,1.65034282764658
Carbon-Zinc (Zn-MnO2),0.944695304499918,-0.00182196560111843,1.34187798252068,3680,1.61630265895704
Carbon-Zinc (Zn-MnO2),0.896990985,0.000139902300000005,1.34724919287552,3600,1.58997168916595
Carbon-Zinc (Zn-MnO2),0.946062517726601,0.00167828166393012,1.32673918949235,3612,1.59641531692142
Carbon-Zinc (Zn-MnO2),0.880199825684156,0.00349961430055957,1.32606562213317,3625,1.61022204554172
Carbon-Zinc (Zn-MnO2),0.903405497677558,-0.00439957394493973,1.32317847129804,3676,1.58915192661966
Carbon-Zinc (Zn-MnO2),0.891122263177793,0.00242924521803991,1.33558253574268,3529,1.58307919639315
Carbon-Zinc (Zn-MnO2),0.938485589495543,-0.00434553197738637,1.3615506078094,3555,1.59159005811655
Carbon-Zinc (Zn-MnO2),0.912798652338399,0.00392130542913315,1.35679711947589,3698,1.58644885149016
Carbon-Zinc (Zn-MnO2),0.922562559083642,-0.00135237512527584,1.35761779704043,3605,1.6171879060937
Carbon-Zinc (Zn-MnO2),0.919668045608341,0.00011835037211755,1.36966030062297,3698,1.61232481518257
Carbon-Zinc (Zn-MnO2),0.890400944144873,-0.00453189822073161,1.33996763360336,3655,1.60533615026041
Carbon-Zinc (Zn-MnO2),0.912799671671272,0.000774787549789649,1.3689837382919,3557,1.6148584236075
Carbon-Zinc (Zn-MnO2),0.880703769483346,0.000665721881739173,1.327019493391,3648,1.61214688307596
Carbon-Zinc (Zn-MnO2),0.945858873358991,0.00423015541157068,1.35381269460624,3556,1.58746280235544
Carbon-Zinc (Zn-MnO2),0.884198164789305,0.0028299203078227,1.33505588280805,3543,1.61570235993959
Carbon-Zinc (Zn-MnO2),0.863782669462768,-0.000968604771905849,1.33008179631239,3606,1.60157368967662
Carbon-Zinc (Zn-MnO2),0.853512186950471,-0.000422999136536211,1.3523770988078,3517,1.61229760620656
Carbon-Zinc (Zn-MnO2),0.93046336012022,-0.00172132455268663,1.32668616079078,3699,1.61584365199694
Carbon-Zinc (Zn-MnO2),0.853113705103963,-0.00270410898872637,1.33936509417306,3645,1.59272013899887
Carbon-Zinc (Zn-MnO2),0.867160182857704,0.00270371839044303,1.3308953222763,3523,1.5844020769811
Carbon-Zinc (Zn-MnO2),0.872179037865427,-0.00161179228876138,1.33861470867256,3550,1.58911740650167
Carbon-Zinc (Zn-MnO2),0.902441013127736,0.00492489925558614,1.34525221994103,3658,1.59708431154505
Carbon-Zinc (Zn-MnO2),0.902975563712312,0.00513768879090353,1.34445958265083,3602,1.61272059063689
Carbon-Zinc (Zn-MnO2),0.907575534467309,0.0049123668768091,1.36480870857431,3617,1.61442922333025
Carbon-Zinc (Zn-MnO2),0.906069595437732,0.00211986413617164,1.35277179372972,3556,1.58027808522124
Carbon-Zinc (Zn-MnO2),0.858115475990025,0.00145277478759893,1.33870415322131,3585,1.6004298921031
Carbon-Zinc (Zn-MnO2),0.914802108141457,-0.000803520184635623,1.34641077227148,3548,1.59669644012595
Carbon-Zinc (Zn-MnO2),0.933512858089006,-0.000330326406989423,1.34140297491397,3634,1.58888431241882
Carbon-Zinc (Zn-MnO2),0.9196684898191,0.00446593363084434,1.3716527875498,3542,1.58479461469334
Carbon-Zinc (Zn-MnO2),0.929562839981836,0.00125571719771712,1.33102549839147,3686,1.59350460685614
Carbon-Zinc (Zn-MnO2),0.921862365663426,0.00424032877746605,1.36847396636571,3530,1.6177163881565
Carbon-Zinc (Zn-MnO2),0.926399061324408,0.000314199393226129,1.33989247642057,3671,1.59292811728083
Carbon-Zinc (Zn-MnO2),0.872872618045124,-0.00364185562591717,1.34332351880605,3566,1.60075162486973
Carbon-Zinc (Zn-MnO2),0.874807004628,0.0037666398316579,1.36284384603108,3588,1.6081207583558
Carbon-Zinc (Zn-MnO2),0.92147779301009,-0.000289466624641243,1.32573097295526,3526,1.59454518409517
Carbon-Zinc (Zn-MnO2),0.894968714188814,0.000571858435466817,1.35759392309081,3551,1.61887128330883
Carbon-Zinc (Zn-MnO2),0.909331408318491,-0.00169653877979363,1.35743390756786,3606,1.61849789179768
Carbon-Zinc (Zn-MnO2),0.852281844101549,0.00369130785807993,1.34950482254565,3601,1.59007129183301
Carbon-Zinc (Zn-MnO2),0.878790737660018,0.00144052237025257,1.36077360022871,3544,1.59988994023569
Carbon-Zinc (Zn-MnO2),0.918203466371436,0.00462006791300927,1.36861946537381,3657,1.59203513239267
Carbon-Zinc (Zn-MnO2),0.915601009147914,-0.00329503418311445,1.3494343634956,3550,1.59139361977509
Carbon-Zinc (Zn-MnO2),0.927891132448714,0.00146443979891736,1.3435894337856,3501,1.58147547789418
Carbon-Zinc (Zn-MnO2),0.914901120511373,-0.00184443152348696,1.34955883541179,3619,1.60438257335919
Carbon-Zinc (Zn-MnO2),0.892438307088461,-0.00426352779333604,1.34254209561153,3674,1.60010716092915
Carbon-Zinc (Zn-MnO2),0.882184344418176,0.00286589480734304,1.32377272477111,3621,1.58205915004999
Carbon-Zinc (Zn-MnO2),0.896374858180256,-0.00353946794015601,1.3391375644338,3608,1.59114585856946
Carbon-Zinc (Zn-MnO2),0.908546168106384,0.00027303238317629,1.34065302315074,3600,1.61633063543866
Carbon-Zinc (Zn-MnO2),0.93040023297308,-0.00435350038520401,1.36622001802952,3582,1.58958247562667
Carbon-Zinc (Zn-MnO2),0.869771734683436,-0.000212268538377537,1.36993156079927,3682,1.58579579488364
Carbon-Zinc (Zn-MnO2),0.940874527401748,0.00102430601975707,1.32243100021557,3515,1.5995781104111
Carbon-Zinc (Zn-MnO2),0.944047874039845,0.00147590700830594,1.36492681541014,3612,1.61942601816442
Carbon-Zinc (Zn-MnO2),0.909874965258377,0.000763542355979454,1.35664447490709,3600,1.58968221086046
Carbon-Zinc (Zn-MnO2),0.866915911355606,-0.00412568358681573,1.34952050673161,3507,1.60688542189623
Carbon-Zinc (Zn-MnO2),0.86999236915678,0.00208589647318918,1.333407366565,3665,1.61046478461314
Carbon-Zinc (Zn-MnO2),0.853395623859559,-0.00449989448066483,1.32424554749939,3541,1.58950550175969
Carbon-Zinc (Zn-MnO2),0.857016225789928,-0.00457545033490254,1.36491314982309,3563,1.60912865394447
Carbon-Zinc (Zn-MnO2),0.942271900063688,0.00325326548576759,1.33913394453237,3610,1.59471132530877
Carbon-Zinc (Zn-MnO2),0.919455185361717,0.00330688565708521,1.34904869525045,3676,1.60529223322374
Carbon-Zinc (Zn-MnO2),0.878890914783382,0.00458445325922027,1.35443487655931,3521,1.60534118843043
Carbon-Zinc (Zn-MnO2),0.854944883686169,0.00157680812453831,1.33937007429864,3695,1.60143098736299
Carbon-Zinc (Zn-MnO2),0.894376949520974,-0.00147011777328215,1.32378962085341,3512,1.58361159080217
Carbon-Zinc (Zn-MnO2),0.906466371151684,0.0019326071708213,1.34511270188935,3652,1.61341209982356
Carbon-Zinc (Zn-MnO2),0.880669856780691,0.00346652199971203,1.36432897716377,3617,1.59283120259886
Carbon-Zinc (Zn-MnO2),0.927509412411551,-0.000618265609926602,1.35310121966926,3586,1.58746074041599
Carbon-Zinc (Zn-MnO2),0.940467297761278,0.0035636513867898,1.34899994748668,3609,1.58163100566219
Carbon-Zinc (Zn-MnO2),0.91210988416137,-0.00431816828176333,1.35995723105944,3626,1.60363571772752
Carbon-Zinc (Zn-MnO2),0.87180553482153,0.00170961720868099,1.34174809914653,3557,1.60710257447369
Carbon-Zinc (Zn-MnO2),0.937982140091662,0.00153512871617393,1.36211004852673,3529,1.58066351315711
Carbon-Zinc (Zn-MnO2),0.892594577099421,-0.00325346698052547,1.3688896582268,3665,1.60048372233197
Carbon-Zinc (Zn-MnO2),0.865424240368942,-0.00240554973187108,1.34269155014303,3665,1.58905983100791
Carbon-Zinc (Zn-MnO2),0.862408902313951,-0.00019642188868385,1.36981121116794,3549,1.60580691161637
Carbon-Zinc (Zn-MnO2),0.912220083468987,-0.00470707338610453,1.33722400322231,3575,1.58697465716019
Carbon-Zinc (Zn-MnO2),0.918365049959118,0.00350709061324825,1.34241110491211,3523,1.60763750952409
Carbon-Zinc (Zn-MnO2),0.900366948248407,-0.00353780520759805,1.35258312524061,3550,1.59546941385202
Carbon-Zinc (Zn-MnO2),0.873121691260521,-0.000875346466901561,1.34840802908613,3611,1.61746919954946
Carbon-Zinc (Zn-MnO2),0.879581742045832,0.000537692271290095,1.32539010266272,3589,1.58550083776583
Carbon-Zinc (Zn-MnO2),0.897165684302626,0.000296116603228046,1.35986277171902,3628,1.59364265404201
Carbon-Zinc (Zn-MnO2),0.85770032113407,0.00198984296255609,1.35153414358098,3690,1.58453894084962
Carbon-Zinc (Zn-MnO2),0.905674989397008,4.82415617541494e-06,1.33536936784007,3607,1.61698774473114
Carbon-Zinc (Zn-MnO2),0.918794845056203,0.00297904858621052,1.37031078254313,3548,1.61509357413523
Carbon-Zinc (Zn-MnO2),0.932240195849535,-0.00261485589815787,1.33515368678948,3553,1.5903176651086
Carbon-Zinc (Zn-MnO2),0.886361195693344,-0.00320228444930035,1.34843043150508,3569,1.60639936184136
Carbon-Zinc (Zn-MnO2),0.929368714998721,-0.00298596466080903,1.35961792464519,3666,1.61268888800804
Carbon-Zinc (Zn-MnO2),0.857611045004573,8.93239265538643e-05,1.35935019581716,3602,1.60220803246397
Carbon-Zinc (Zn-MnO2),0.879782662428267,-0.00154977700438345,1.34675321914656,3637,1.60118602313424
Carbon-Zinc (Zn-MnO2),0.885035278810233,0.000852641771295796,1.3486757669779,3548,1.58967409163601
Carbon-Zinc (Zn-MnO2),0.908646893279692,-0.00358572994190232,1.33514524665853,3686,1.58372411071223
Carbon-Zinc (Zn-MnO2),0.908463922828377,0.00283599535876139,1.36835651282665,3646,1.61588863031813
Carbon-Zinc (Zn-MnO2),0.914280741816115,0.00121485327407368,1.35116806138074,3669,1.61601672228653
Carbon-Zinc (Zn-MnO2),0.903803482672533,0.00025807183732983,1.35798933796444,3538,1.60532405829093
Carbon-Zinc (Zn-MnO2),0.871087476896031,0.00249508427767362,1.32691504187437,3528,1.59356119164194
Carbon-Zinc (Zn-MnO2),0.923874863212407,0.00259667930456602,1.32938083212997,3576,1.5939683829845
Carbon-Zinc (Zn-MnO2),0.870365522159901,0.00438730400316263,1.35252345685484,3639,1.6090382271548
Carbon-Zinc (Zn-MnO2),0.873105439998158,-0.00100326976380717,1.34016981850498,3604,1.6158844103981
Carbon-Zinc (Zn-MnO2),0.851297221360196,0.00134968647766154,1.36630451138545,3600,1.6154834569706
Carbon-Zinc (Zn-MnO2),0.880439964414201,-0.00218824913152818,1.34986605324971,3553,1.6111950218343
Carbon-Zinc (Zn-MnO2),0.859738817461354,-0.000968879159856954,1.35070288619792,3542,1.60568126584617
Carbon-Zinc (Zn-MnO2),0.933549444690629,-0.00188206984402231,1.34453357103958,3648,1.5833655985998
Carbon-Zinc (Zn-MnO2),0.944673275787522,0.00146248203413457,1.34841446830091,3509,1.58646514856378
Carbon-Zinc (Zn-MnO2),0.908043659446629,0.00475777809146926,1.36130226919463,3532,1.61594216754108
Nickel-Cadmium (Ni-Cd),0.862595855441838,-0.00470097242306167,1.17845967705991,7244,1.40425716238638
Nickel-Cadmium (Ni-Cd),0.917044537935519,-0.000524057885393667,1.1420137706786,7097,1.38036788206466
Nickel-Cadmium (Ni-Cd),0.911263109384993,-0.00454544014200529,1.14516839402018,7118,1.38405886171464
Nickel-Cadmium (Ni-Cd),0.882195956184205,-0.000766582048743598,1.13924971475589,7275,1.40654007076432
Nickel-Cadmium (Ni-Cd),0.866752887123929,0.00200948505562232,1.14446523144548,7287,1.38020246335384
Nickel-Cadmium (Ni-Cd),0.824679953823088,-0.000383810147454278,1.16539099090319,7231,1.38643232205669
Nickel-Cadmium (Ni-Cd),0.85483802649748,0.00347289177954652,1.15312039799472,7094,1.40194935157466
Nickel-Cadmium (Ni-Cd),0.905936613116809,0.00324014511120874,1.17170367590124,7133,1.4076758079077
Nickel-Cadmium (Ni-Cd),0.832265995778431,-0.00341854528667923,1.15540829698472,7233,1.4060784503801
Nickel-Cadmium (Ni-Cd),0.86473407454309,0.00366420551671911,1.17537056780748,7168,1.38897077237842
Nickel-Cadmium (Ni-Cd),0.830997432683515,0.000684061053450416,1.15218222283377,7209,1.4084871688539
Nickel-Cadmium (Ni-Cd),0.823219845973499,0.00180267254068095,1.15293964655155,7289,1.38948996349987
Nickel-Cadmium (Ni-Cd),0.89599156416111,-2.35702255268966e-05,1.16903190007653,7176,1.39301598792637
Nickel-Cadmium (Ni-Cd),0.838652037793869,-0.000907934754350223,1.14181955703492,7278,1.40985965620472
Nickel-Cadmium (Ni-Cd),0.82579221320292,-0.00229438840104844,1.16929418926841,7097,1.40598531596188
Nickel-Cadmium (Ni-Cd),0.919860580196476,-0.00150707628959499,1.14661586446828,7219,1.41396893641976
Nickel-Cadmium (Ni-Cd),0.856826176190355,-0.000311236397277511,1.14685981559928,7237,1.40630451569201
Nickel-Cadmium (Ni-Cd),0.905228066209329,-0.00119843033510113,1.14579489542235,7202,1.40273234413341
Nickel-Cadmium (Ni-Cd),0.840713064778427,0.00508262408350376,1.17838700751687,7262,1.38374699071312
Nickel-Cadmium (Ni-Cd),0.836170186546418,-0.000450087727260898,1.17102395949444,7207,1.39470863212237
Nickel-Cadmium (Ni-Cd),0.914849328297884,-0.00226619124499993,1.16506643517613,7094,1.39060809470726
Nickel-Cadmium (Ni-Cd),0.831028961970772,-0.0011745105797312,1.17967333910245,7104,1.38975958573516
Nickel-Cadmium (Ni-Cd),0.872768095273045,-0.0015147603495744,1.15453958873149,7189,1.41892042219009
Nickel-Cadmium (Ni-Cd),0.895402978587518,-0.00403507249407252,1.17693264786939,7155,1.39572390898667
Nickel-Cadmium (Ni-Cd),0.84382551458314,-0.00279415103148649,1.1827252111116,7264,1.41568186220708
Nickel-Cadmium (Ni-Cd),0.844567523100704,0.00431099261794942,1.14204585802473,7288,1.40524554503989
Nickel-Cadmium (Ni-Cd),0.863526246416448,0.00359341740468323,1.17353143980025,7272,1.41179245214166
Nickel-Cadmium (Ni-Cd),0.884773718143595,-0.00186501597474536,1.17830475197679,7174,1.4001054837242
Nickel-Cadmium (Ni-Cd),0.909940311557719,0.00327075690898417,1.152995483588,7178,1.40307615538505
Nickel-Cadmium (Ni-Cd),0.867053348741817,0.00414249374468208,1.14941457870431,7163,1.39970070775275
Nickel-Cadmium (Ni-Cd),0.89423616025661,0.000304290515455069,1.15535422820316,7219,1.38780971951192
Nickel-Cadmium (Ni-Cd),0.831612676847743,0.00208209359251592,1.14964281367291,7135,1.40889808461046
Nickel-Cadmium (Ni-Cd),0.916898110861343,0.00193510960296503,1.13799398846121,7258,1.39123089449763
Nickel-Cadmium (Ni-Cd),0.834981652241071,0.00466561792701813,1.14096385143087,7097,1.38097263865725
Nickel-Cadmium (Ni-Cd),0.904601348920485,0.00241504190056044,1.17303972014452,7258,1.40581889183628
Nickel-Cadmium (Ni-Cd),0.881089733625095,-0.00234311130752384,1.16952547481361,7176,1.38708442717628
Nickel-Cadmium (Ni-Cd),0.824570499182643,0.00016314907831951,1.1432034483102,7232,1.41761834337411
Nickel-Cadmium (Ni-Cd),0.899195515847317,-0.000741444868707119,1.16522574990965,7094,1.4181571430801
Nickel-Cadmium (Ni-Cd),0.842727758952578,0.00339366800975903,1.1751558861606,7245,1.41659457560881
Nickel-Cadmium (Ni-Cd),0.877912076479071,-0.00387612871242307,1.14540394973026,7212,1.39480634801021
Nickel-Cadmium (Ni-Cd),0.84812495925595,-0.000627329123431216,1.15825407838674,7153,1.38061826466115
Nickel-Cadmium (Ni-Cd),0.879307545984055,0.0015190913333323,1.13826457848616,7272,1.4171327425035
Nickel-Cadmium (Ni-Cd),0.908608286748623,0.00427462789419799,1.14722124651369,7270,1.39712736593269
Nickel-Cadmium (Ni-Cd),0.83366975381118,0.00376768437129403,1.16629675038956,7265,1.41866619276174
Nickel-Cadmium (Ni-Cd),0.824826842914604,0.00328632439321524,1.16494159984238,7276,1.41854479908357
Nickel-Cadmium (Ni-Cd),0.834601971614018,0.000263980764740266,1.16992291837619,7242,1.41412037821869
Nickel-Cadmium (Ni-Cd),0.898557159570484,-0.000361597079599577,1.17131403367332,7215,1.39177795568278
Nickel-Cadmium (Ni-Cd),0.82594453553309,-0.00452280427360016,1.14359315161729,7090,1.39540390914407
Nickel-Cadmium (Ni-Cd),0.836802316178986,0.00183231038721754,1.15249779448128,7167,1.41404546686067
Nickel-Cadmium (Ni-Cd),0.906519260491212,0.00480437397086712,1.16900391075776,7252,1.39267688020625
Nickel-Cadmium (Ni-Cd),0.906540550415983,0.00504445390951425,1.13799882991165,7095,1.38677970986744
Nickel-Cadmium (Ni-Cd),0.903250765882306,0.00128220422108567,1.17420606528441,7135,1.40227205049833
Nickel-Cadmium (Ni-Cd),0.918093023740989,0.000992266830928182,1.17581669292704,7158,1.41744619096643
Nickel-Cadmium (Ni-Cd),0.892161268719051,-0.00315585225391785,1.1485555043388,7118,1.40784119186699
Nickel-Cadmium (Ni-Cd),0.914706064494826,-0.00108239619187975,1.16163199109253,7096,1.40280244680357
Nickel-Cadmium (Ni-Cd),0.837449966255525,0.00384556557347235,1.17910681851325,7211,1.38388705975083
Nickel-Cadmium (Ni-Cd),0.861135895815705,-0.00218805661608759,1.13706015147907,7213,1.40460028906796
Nickel-Cadmium (Ni-Cd),0.901655071113244,0.000303405579972909,1.16314558211534,7204,1.41960215400417
Nickel-Cadmium (Ni-Cd),0.87746804127797,-0.000124858306798189,1.168143849371,7286,1.38560336060946
Nickel-Cadmium (Ni-Cd),0.874427453112273,-0.00164543974801379,1.17474217457004,7229,1.40073318609454
Nickel-Cadmium (Ni-Cd),0.877392257376363,-0.000483888152059669,1.17316893864307,7093,1.41509492287711
Nickel-Cadmium (Ni-Cd),0.87561079129385,0.00202277657844031,1.16459199452731,7288,1.40963074471016
Nickel-Cadmium (Ni-Cd),0.874278231426662,-0.00141355635093506,1.18443487485592,7197,1.40788062963981
Nickel-Cadmium (Ni-Cd),0.847580911411194,0.00172620651085041,1.17163532198848,7148,1.40809936335948
Nickel-Cadmium (Ni-Cd),0.851833967194833,0.00410843896952059,1.18243415131329,7289,1.39437964604879
Nickel-Cadmium (Ni-Cd),0.825835241150064,-0.00133350864162106,1.18286897031785,7220,1.39174367377057
Nickel-Cadmium (Ni-Cd),0.860866888134438,-0.000172951511931193,1.16954404556653,7120,1.41237444621914
Nickel-Cadmium (Ni-Cd),0.904711562923355,0.00440179673788375,1.14327872259623,7278,1.41240453578716
Nickel-Cadmium (Ni-Cd),0.904216958633055,-0.00429148948610876,1.16583889380909,7231,1.4146828927432
Nickel-Cadmium (Ni-Cd),0.850853105763875,0.00401865503339583,1.13865271654857,7274,1.41652962210225
Nickel-Cadmium (Ni-Cd),0.840375200688722,0.000514739781199856,1.18408327143738,7147,1.40045369595443
Nickel-Cadmium (Ni-Cd),0.870807258,8.41658000000022e-05,1.16190006660917,7190,1.40006065178748
Nickel-Cadmium (Ni-Cd),0.862878067424406,0.0018308718120568,1.1824716547952,7188,1.41193180715867
Nickel-Cadmium (Ni-Cd),0.860695600698074,-0.00292498293865714,1.14872966618092,7125,1.40599855723111
Nickel-Cadmium (Ni-Cd),0.884531788707067,0.0048781650956971,1.16267805485427,7150,1.4080786750903
Nickel-Cadmium (Ni-Cd),0.845826346933702,-0.0031295269579,1.17124630480627,7265,1.41183170677744
Nickel-Cadmium (Ni-Cd),0.878078696687366,0.00342703542314248,1.18191635457184,7274,1.4156002136727
Nickel-Cadmium (Ni-Cd),0.913879415389144,-0.0015611199679399,1.13697703087796,7135,1.39351980627406
Nickel-Cadmium (Ni-Cd),0.853298076055208,0.00372928985964805,1.18631244223415,7239,1.39502331810559
Nickel-Cadmium (Ni-Cd),0.896455958650878,0.00249387989619362,1.18189927924492,7145,1.38375927759363
Nickel-Cadmium (Ni-Cd),0.850238134800799,0.00430269621868441,1.16797744142654,7218,1.40313120563984
Nickel-Cadmium (Ni-Cd),0.853663306565376,-0.00221778541313799,1.14379593156442,7239,1.38143769095186
Nickel-Cadmium (Ni-Cd),0.870487025664342,0.00285820773104549,1.18472586008733,7184,1.39862392072529
Nickel-Cadmium (Ni-Cd),0.834798238342255,-0.00263106575355368,1.14554798988885,7262,1.4017057853883
Nickel-Cadmium (Ni-Cd),0.881268281505892,-0.0027392377866127,1.1528953842843,7139,1.39146165008513
Nickel-Cadmium (Ni-Cd),0.86395318236155,-0.00186734516957905,1.15331564093378,7199,1.40363333042276
Nickel-Cadmium (Ni-Cd),0.888363238142977,0.00144835291820213,1.14831344605819,7176,1.38122000999756
Nickel-Cadmium (Ni-Cd),0.88951303476421,-3.31600321165736e-05,1.13847125902813,7210,1.38149392754996
Nickel-Cadmium (Ni-Cd),0.848187181077618,0.00158272644279563,1.17171183206248,7154,1.41290402242638
Nickel-Cadmium (Ni-Cd),0.857608366410684,-0.00209021247057341,1.18674377805656,7114,1.39440762565645
Nickel-Cadmium (Ni-Cd),0.849332561126212,-0.0030466166952686,1.18197857481075,7265,1.38508242050607
Nickel-Cadmium (Ni-Cd),0.869693770935764,0.00214791875844676,1.16178350569677,7191,1.40088973040219
Nickel-Cadmium (Ni-Cd),0.902677818382623,-0.00319418866219745,1.14412980309544,7272,1.41079974212394
Nickel-Cadmium (Ni-Cd),0.901845446296579,0.00291774849724711,1.16602644702436,7226,1.38863284109987
Nickel-Cadmium (Ni-Cd),0.874258650958551,0.00137619822252997,1.18656767847942,7093,1.40491561903275
Nickel-Cadmium (Ni-Cd),0.835357136353092,0.00204509102253462,1.1741473380074,7166,1.38341389859975
Nickel-Cadmium (Ni-Cd),0.878705489563036,0.00194565651253009,1.14625333742318,7129,1.38206726884674
Nickel-Cadmium (Ni-Cd),0.906134387595921,0.000270702026945439,1.13905004727701,7112,1.40125418526272
Nickel-Cadmium (Ni-Cd),0.907303895439117,0.00371783840240438,1.14353035423071,7161,1.4016254048644
Nickel-Cadmium (Ni-Cd),0.866481323732591,0.00247374412398384,1.15434186376651,7121,1.40549719605992
Nickel-Metal Hydride (Ni-MH),0.7666804235573,0.000786613250200588,1.13709296762225,6459,1.4590436533489
Nickel-Metal Hydride (Ni-MH),0.838036238653454,0.00447244755313683,1.15366827115887,6386,1.4690340831785
Nickel-Metal Hydride (Ni-MH),0.843811486351307,0.00413042561742522,1.13695548626239,6283,1.45065201393204
Nickel-Metal Hydride (Ni-MH),0.847446180970579,0.0025849448722254,1.16293829793481,6338,1.44291825891764
Nickel-Metal Hydride (Ni-MH),0.835924271918259,-0.000499934188383202,1.1427540749529,6327,1.46180744779074
Nickel-Metal Hydride (Ni-MH),0.75744725311354,-0.00385676840177101,1.16716802416643,6378,1.44083329005048
Nickel-Metal Hydride (Ni-MH),0.754993079695458,0.00147015272981483,1.15868615454033,6276,1.44755885682822
Nickel-Metal Hydride (Ni-MH),0.796549189659107,-0.00476189930957559,1.14077517970626,6427,1.43313825525369
Nickel-Metal Hydride (Ni-MH),0.795229746115216,-0.00217362904749717,1.14388790062634,6432,1.43101402973661
Nickel-Metal Hydride (Ni-MH),0.823341306355835,0.00454560973716209,1.14771328445745,6282,1.46850593658711
Nickel-Metal Hydride (Ni-MH),0.821492882395381,0.00196953240713336,1.15668963569816,6279,1.46343920482048
Nickel-Metal Hydride (Ni-MH),0.77060670698325,-0.00280570397585833,1.13424596292359,6320,1.45783896824374
Nickel-Metal Hydride (Ni-MH),0.785395757062364,9.05200778574189e-05,1.13411759930903,6348,1.44635811777657
Nickel-Metal Hydride (Ni-MH),0.770403986777301,-0.00347690566740288,1.17301060904473,6422,1.43693177280283
Nickel-Metal Hydride (Ni-MH),0.808305060808999,0.000120191730688253,1.16563908966669,6436,1.43625748170684
Nickel-Metal Hydride (Ni-MH),0.762199545441874,0.00254934631417681,1.15895047792602,6279,1.44000971592658
Nickel-Metal Hydride (Ni-MH),0.792437747726142,-0.00420451866408986,1.17005061285744,6341,1.45196906658824
Nickel-Metal Hydride (Ni-MH),0.836919375352273,0.00277402175242486,1.1535146819169,6334,1.458583836908
Nickel-Metal Hydride (Ni-MH),0.834381357295009,-0.00141377323671928,1.17804300022427,6360,1.4564078950687
Nickel-Metal Hydride (Ni-MH),0.753794932004546,-0.00386564639333914,1.1380532913305,6418,1.44119735587783
Nickel-Metal Hydride (Ni-MH),0.757194415485082,0.00274522967951958,1.15063885966627,6295,1.46819461122652
Nickel-Metal Hydride (Ni-MH),0.78827587218598,-0.0014376708238669,1.17490169964754,6444,1.45951587666783
Nickel-Metal Hydride (Ni-MH),0.78727845484006,0.00376019071711887,1.1431531992028,6457,1.45217416210045
Nickel-Metal Hydride (Ni-MH),0.752504115116925,-0.00119077473190208,1.15036679394905,6280,1.45446882984937
Nickel-Metal Hydride (Ni-MH),0.787746812008626,0.0023631633168133,1.16672335798129,6385,1.44678400249711
Nickel-Metal Hydride (Ni-MH),0.777533789417651,0.00142884697482984,1.16670799836333,6436,1.43990923958004
Nickel-Metal Hydride (Ni-MH),0.791230501180454,-0.00413698576158554,1.13473447169178,6416,1.44423890714605
Nickel-Metal Hydride (Ni-MH),0.846151403760633,0.00136569269721169,1.16744285866371,6414,1.46031384441857
Nickel-Metal Hydride (Ni-MH),0.850597310546765,0.00335083550652763,1.17177237734922,6444,1.43057573954519
Nickel-Metal Hydride (Ni-MH),0.781643631855286,-0.00333809431905551,1.1767408041342,6374,1.43464290562027
Nickel-Metal Hydride (Ni-MH),0.769816538306607,0.00109438962090291,1.18309493655355,6344,1.43184010568087
Nickel-Metal Hydride (Ni-MH),0.839402589164868,-0.00199241446330205,1.1388701553782,6466,1.43162915209275
Nickel-Metal Hydride (Ni-MH),0.772625246032346,0.00317568063837739,1.16206868202872,6384,1.46421842336044
Nickel-Metal Hydride (Ni-MH),0.834544744070392,0.000399717143130128,1.13352882941889,6284,1.4581463143752
Nickel-Metal Hydride (Ni-MH),0.768885369865481,0.00154082873243902,1.18104038163974,6439,1.44896695316349
Nickel-Metal Hydride (Ni-MH),0.759315651816965,-0.000760273502580165,1.16505655018202,6446,1.43391336642604
Nickel-Metal Hydride (Ni-MH),0.812507750237254,0.00298710479253399,1.13359768830531,6302,1.44966463500467
Nickel-Metal Hydride (Ni-MH),0.7642934695463,-0.00138032211508906,1.17272931220001,6277,1.44893887083122
Nickel-Metal Hydride (Ni-MH),0.793093593413251,0.00498058364331515,1.16674293479207,6376,1.4369280747964
Nickel-Metal Hydride (Ni-MH),0.779256142499494,-0.00425251515244235,1.17945363936151,6288,1.44735406596951
Nickel-Metal Hydride (Ni-MH),0.783218233972638,0.000739154185165808,1.13736323560176,6338,1.44594018937589
Nickel-Metal Hydride (Ni-MH),0.814451752867759,-0.00477119265218864,1.14957955094867,6319,1.45463400392208
Nickel-Metal Hydride (Ni-MH),0.806796078376619,-0.00371874699446708,1.14443316920566,6383,1.4554037460347
Nickel-Metal Hydride (Ni-MH),0.759954529553059,0.00209895279423647,1.13537501824173,6464,1.43181216039088
Nickel-Metal Hydride (Ni-MH),0.807812881813991,-0.000638095468345147,1.16076565847635,6280,1.44498450458505
Nickel-Metal Hydride (Ni-MH),0.849593531904052,0.00246166745402194,1.15458428916758,6433,1.45503439662856
Nickel-Metal Hydride (Ni-MH),0.78866711208629,-0.00250395300482543,1.13630845554939,6354,1.4501254503432
Nickel-Metal Hydride (Ni-MH),0.828199378652046,-0.00132958196805098,1.15533655480853,6435,1.46425959364753
Nickel-Metal Hydride (Ni-MH),0.808574023387325,-0.00467189057775544,1.17899940459448,6437,1.45634774526475
Nickel-Metal Hydride (Ni-MH),0.849141521694821,-0.00390040354767659,1.14502678561157,6319,1.43651737708325
Nickel-Metal Hydride (Ni-MH),0.827326174385225,8.41373386464365e-05,1.15497178407934,6317,1.43282274989601
Nickel-Metal Hydride (Ni-MH),0.807697785967707,-0.00386858167398905,1.16279334745302,6307,1.45569677112825
Nickel-Metal Hydride (Ni-MH),0.772907583591433,0.00216958815141619,1.16235155957324,6338,1.43106045242166
Nickel-Metal Hydride (Ni-MH),0.804184944899615,-0.00251063074899189,1.14069384872819,6396,1.45343102325093
Nickel-Metal Hydride (Ni-MH),0.842159209942753,0.00187518596800588,1.16337437529664,6333,1.46760920965699
Nickel-Metal Hydride (Ni-MH),0.849452013483838,-5.87613673493566e-06,1.17543261323161,6395,1.45301896711503
Nickel-Metal Hydride (Ni-MH),0.807488070904337,0.00136584392266143,1.18202395910921,6282,1.44552679704826
Nickel-Metal Hydride (Ni-MH),0.7763064816938,-0.00371826995786218,1.14866951701842,6311,1.45573152873769
Nickel-Metal Hydride (Ni-MH),0.7802842610503,0.00466652777581959,1.14749215517019,6319,1.44833011561966
Nickel-Metal Hydride (Ni-MH),0.822012636134813,0.000590554033667278,1.1624662401545,6416,1.45182467157263
Nickel-Metal Hydride (Ni-MH),0.819957698634887,-0.00295514024802058,1.13897299327237,6346,1.46765859235106
Nickel-Metal Hydride (Ni-MH),0.838883479946448,0.00391381893144178,1.171500607177,6366,1.44544410551203
Nickel-Metal Hydride (Ni-MH),0.758889147272916,-0.00346311174735321,1.15341688658742,6292,1.46844762255295
Nickel-Metal Hydride (Ni-MH),0.847143433710078,0.00267518552729809,1.14105236352764,6273,1.46621402567824
Nickel-Metal Hydride (Ni-MH),0.752249284364168,0.00187137930710685,1.15946118905298,6297,1.43783164539157
Nickel-Metal Hydride (Ni-MH),0.83368086959815,0.00266197095986442,1.15368132571218,6405,1.432774452035
Nickel-Metal Hydride (Ni-MH),0.767448162297596,-0.00194452002281997,1.13558902251308,6412,1.43403112005509
Nickel-Metal Hydride (Ni-MH),0.784715061975499,0.00479686500163238,1.1612760000745,6420,1.43072887302606
Nickel-Metal Hydride (Ni-MH),0.822996148582226,0.00488520700959872,1.16711977405309,6465,1.43377771843023
Nickel-Metal Hydride (Ni-MH),0.803274696869402,0.00449280215773006,1.18337681166381,6387,1.45732027093665
Nickel-Metal Hydride (Ni-MH),0.826374665357129,0.00323111712786016,1.14055221697091,6415,1.4328475459384
Nickel-Metal Hydride (Ni-MH),0.802058449,0.000103052400000003,1.15847136076147,6370,1.44275902521175
Nickel-Metal Hydride (Ni-MH),0.798324577370144,-0.00219118809498867,1.1633016586044,6279,1.46379501243877
Nickel-Metal Hydride (Ni-MH),0.802385371131821,-0.00265504323135958,1.14917131222625,6367,1.43093087742943
Nickel-Metal Hydride (Ni-MH),0.811927665918055,0.00396094641218112,1.17290098652098,6325,1.46257873930355
Nickel-Metal Hydride (Ni-MH),0.850846707639446,0.000789709550694558,1.15672920322498,6339,1.44127419099093
Nickel-Metal Hydride (Ni-MH),0.754179748622962,0.0046207108071119,1.14429171023743,6270,1.43472659310486
Nickel-Metal Hydride (Ni-MH),0.801518470043281,0.00163159056082312,1.16487727946432,6354,1.45786948661456
Nickel-Metal Hydride (Ni-MH),0.778810657592388,-4.83352917320193e-05,1.17685356787046,6297,1.45515771387119
Nickel-Metal Hydride (Ni-MH),0.769079876954116,0.0006556954402522,1.15424707199642,6419,1.46509888054108
Nickel-Metal Hydride (Ni-MH),0.846585451872087,-0.00112974921935547,1.16947183324133,6346,1.45940284175215
Nickel-Metal Hydride (Ni-MH),0.804551145731384,-0.00324017059966557,1.17335370578675,6364,1.46213923721539
Nickel-Metal Hydride (Ni-MH),0.755903044055392,-0.000347936081564219,1.13814147637116,6440,1.44128138290285
Nickel-Metal Hydride (Ni-MH),0.845301985659632,0.00426194496493796,1.14862066681267,6280,1.43709758175118
Nickel-Metal Hydride (Ni-MH),0.821648909255912,-0.000198769452969402,1.16109916571974,6347,1.46002459006563
Nickel-Metal Hydride (Ni-MH),0.792751401359065,-0.00417473627204574,1.17804576068669,6407,1.46227338957069
Nickel-Metal Hydride (Ni-MH),0.769104745941924,0.00342914461688291,1.15862810483841,6345,1.46962020568002
Nickel-Metal Hydride (Ni-MH),0.767270122739546,0.00181129138318133,1.14434982720253,6438,1.44650470707645
Nickel-Metal Hydride (Ni-MH),0.758589472811539,-0.00111984194826478,1.16451551780775,6374,1.44488072343171
Nickel-Metal Hydride (Ni-MH),0.768681683275001,-0.00159695741347559,1.14030292124659,6289,1.46105651842967
Nickel-Metal Hydride (Ni-MH),0.810833095759722,-0.00447597174786329,1.14177835128604,6395,1.44363214161012
Nickel-Metal Hydride (Ni-MH),0.780713710796345,-0.0024437258947374,1.1584442321967,6327,1.46723029302414
Nickel-Metal Hydride (Ni-MH),0.807530881550824,-0.00464174561930929,1.17879976517516,6386,1.46433651007372
Nickel-Metal Hydride (Ni-MH),0.833771920437034,-0.00389534078113029,1.14844097673462,6376,1.447159761095
Nickel-Metal Hydride (Ni-MH),0.824649450349792,-0.000353015986918723,1.17234096228494,6392,1.46003484271165
Nickel-Metal Hydride (Ni-MH),0.800392489763457,0.00393964553880143,1.14033167947318,6304,1.46018171496338
Nickel-Metal Hydride (Ni-MH),0.850078616080966,3.5884396150642e-05,1.17773070182407,6368,1.43412495475343
Nickel-Metal Hydride (Ni-MH),0.840146047902327,0.00163266012699717,1.14290474928739,6366,1.46610211626718
Nickel-Metal Hydride (Ni-MH),0.841725764142218,0.000957866659647525,1.1459564034543,6382,1.45021009489791
Nickel-Metal Hydride (Ni-MH),0.777536453914657,-0.00433183773025718,1.13982850466086,6428,1.4630582986443
